ProfileID,FirstName,LastName,Email,Age,Password,Question,answer,Personal Coupon
1,Steven,Wilson,steven.wilson@aqua.com,,XTKv6yf2,,,
2,Jacob,Hodges,jacob.hodges@aqua.com,,vkZ6+)4&,,,
3,Ian,Clarkson,ian.clarkson@aqua.com,,3m6!N?^-,,,
4,Felicity,McLean,felicity.mclean@aqua.com,,4gf&r@-+,,,
5,Audrey,Slater,audrey.slater@aqua.com,,cK&a7p(p,,,
6,Carol,Dickens,carol.dickens@aqua.com,,(H_4g!It,,,
7,Joe,Hunter,joe.hunter@aqua.com,,T7FT@r=V,,,
8,Angela,Langdon,angela.langdon@aqua.com,,s^C6ZQa_,,,
9,Sonia,Walsh,sonia.walsh@aqua.com,,74G_D6my,,,
10,Dominic,Hughes,dominic.hughes@aqua.com,,R899?m!8,,,
11,Maria,Ferguson,maria.ferguson@aqua.com,,Lq(D3s8X,,,
12,Yvonne,Ogden,yvonne.ogden@aqua.com,,y86}E9M[,,,
13,Anthony,Mackenzie,anthony.mackenzie@aqua.com,,4Km8YLEG,,,
14,Lily,Buckland,lily.buckland@aqua.com,,Enm]2*zT,,,
15,William,Hunter,william.hunter@aqua.com,,hvaYe3~4,,,
16,Evan,Paige,evan.paige@aqua.com,,8_33DE6m,,,
17,Tracey,Berry,tracey.berry@aqua.com,,~)BD3b2~,,,
18,Chloe,Simpson,chloe.simpson@aqua.com,,R3RLv4ZE,,,
19,Tracey,Butler,tracey.butler@aqua.com,,;?37)y7?,,,
20,Elizabeth,Buckland,elizabeth.buckland@aqua.com,,]-Chf@nN,,,
21,Frank,Skinner,frank.skinner@aqua.com,,XTKv6yf2,,,
22,Jennifer,Underwood,jennifer.underwood@aqua.com,,vkZ6+)4&,,,
23,Eric,Smith,eric.smith@aqua.com,,3m6!N?^-,,,
24,Ava,Springer,ava.springer@aqua.com,,4gf&r@-+,,,
25,Donna,King,donna.king@aqua.com,,cK&a7p(p,,,
26,Justin,Kerr,justin.kerr@aqua.com,,(H_4g!It,,,
27,Gabrielle,Vaughan,gabrielle.vaughan@aqua.com,,T7FT@r=V,,,
28,Stephen,May,stephen.may@aqua.com,,s^C6ZQa_,,,
29,Lillian,Russell,lillian.russell@aqua.com,,74G_D6my,,,
30,Austin,Henderson,austin.henderson@aqua.com,,R899?m!8,,,
31,Dorothy,Parr,dorothy.parr@aqua.com,,Lq(D3s8X,,,
32,Andrew,Hemmings,andrew.hemmings@aqua.com,,y86}E9M[,,,
33,Sue,Fraser,sue.fraser@aqua.com,,4Km8YLEG,,,
34,Alexandra,Sanderson,alexandra.sanderson@aqua.com,,Enm]2*zT,,,
35,Gabrielle,Peake,gabrielle.peake@aqua.com,,hvaYe3~4,,,
36,Molly,Springer,molly.springer@aqua.com,,8_33DE6m,,,
37,Wanda,Carr,wanda.carr@aqua.com,,~)BD3b2~,,,
38,Sebastian,Robertson,sebastian.robertson@aqua.com,,R3RLv4ZE,,,
39,Kylie,Knox,kylie.knox@aqua.com,,;?37)y7?,,,
40,Mary,Knox,mary.knox@aqua.com,,]-Chf@nN,,,
41,Yvonne,Gill,yvonne.gill@aqua.com,,XTKv6yf2,,,
42,Angela,Walker,angela.walker@aqua.com,,vkZ6+)4&,,,
43,Sonia,White,sonia.white@aqua.com,,3m6!N?^-,,,
44,Colin,Paige,colin.paige@aqua.com,,4gf&r@-+,,,
45,Lisa,Allan,lisa.allan@aqua.com,,cK&a7p(p,,,
46,Phil,Piper,phil.piper@aqua.com,,(H_4g!It,,,
47,Diane,Wright,diane.wright@aqua.com,,T7FT@r=V,,,
48,Simon,Alsop,simon.alsop@aqua.com,,s^C6ZQa_,,,
49,Kylie,Harris,kylie.harris@aqua.com,,74G_D6my,,,
50,Leonard,Piper,leonard.piper@aqua.com,,R899?m!8,,,
51,Steven,Davies,steven.davies@aqua.com,,Lq(D3s8X,,,
52,Dylan,Thomson,dylan.thomson@aqua.com,,y86}E9M[,,,
53,Diana,Hardacre,diana.hardacre@aqua.com,,4Km8YLEG,,,
54,Theresa,Grant,theresa.grant@aqua.com,,Enm]2*zT,,,
55,Gordon,Russell,gordon.russell@aqua.com,,hvaYe3~4,,,
56,Michelle,Terry,michelle.terry@aqua.com,,8_33DE6m,,,
57,Sean,Simpson,sean.simpson@aqua.com,,~)BD3b2~,,,
58,Charles,Jones,charles.jones@aqua.com,,R3RLv4ZE,,,
59,Ella,Graham,ella.graham@aqua.com,,;?37)y7?,,,
60,Felicity,Dowd,felicity.dowd@aqua.com,,]-Chf@nN,,,
61,Julian,Hodges,julian.hodges@aqua.com,,XTKv6yf2,,,
62,Ryan,Scott,ryan.scott@aqua.com,,vkZ6+)4&,,,
63,David,McLean,david.mclean@aqua.com,,3m6!N?^-,,,
64,Jake,Knox,jake.knox@aqua.com,,4gf&r@-+,,,
65,Steven,Gill,steven.gill@aqua.com,,cK&a7p(p,,,
66,Stephanie,Ferguson,stephanie.ferguson@aqua.com,,(H_4g!It,,,
67,Theresa,Carr,theresa.carr@aqua.com,,T7FT@r=V,,,
68,Amy,McDonald,amy.mcdonald@aqua.com,,s^C6ZQa_,,,
69,Oliver,Dowd,oliver.dowd@aqua.com,,74G_D6my,,,
70,Edward,Davies,edward.davies@aqua.com,,R899?m!8,,,
71,Carolyn,Pullman,carolyn.pullman@aqua.com,,Lq(D3s8X,,,
72,Jonathan,Blake,jonathan.blake@aqua.com,,y86}E9M[,,,
73,Wendy,Quinn,wendy.quinn@aqua.com,,4Km8YLEG,,,
74,Jasmine,Poole,jasmine.poole@aqua.com,,Enm]2*zT,,,
75,Claire,Bell,claire.bell@aqua.com,,hvaYe3~4,,,
76,Sam,North,sam.north@aqua.com,,8_33DE6m,,,
77,Adrian,Gray,adrian.gray@aqua.com,,~)BD3b2~,,,
78,Lisa,MacLeod,lisa.macleod@aqua.com,,R3RLv4ZE,,,
79,Sam,Thomson,sam.thomson@aqua.com,,;?37)y7?,,,
80,Melanie,Paterson,melanie.paterson@aqua.com,,]-Chf@nN,,,
81,Audrey,Howard,audrey.howard@aqua.com,,XTKv6yf2,,,
82,Alexander,Hardacre,alexander.hardacre@aqua.com,,vkZ6+)4&,,,
83,Thomas,Hart,thomas.hart@aqua.com,,3m6!N?^-,,,
84,Diane,King,diane.king@aqua.com,,4gf&r@-+,,,
85,Carl,Taylor,carl.taylor@aqua.com,,cK&a7p(p,,,
86,Blake,Lyman,blake.lyman@aqua.com,,(H_4g!It,,,
87,Oliver,Hudson,oliver.hudson@aqua.com,,T7FT@r=V,,,
88,Nathan,Cornish,nathan.cornish@aqua.com,,s^C6ZQa_,,,
89,Melanie,Thomson,melanie.thomson@aqua.com,,74G_D6my,,,
90,Melanie,Taylor,melanie.taylor@aqua.com,,R899?m!8,,,
91,Fiona,Payne,fiona.payne@aqua.com,,Lq(D3s8X,,,
92,Leah,Payne,leah.payne@aqua.com,,y86}E9M[,,,
93,Wanda,Manning,wanda.manning@aqua.com,,4Km8YLEG,,,
94,Peter,Welch,peter.welch@aqua.com,,Enm]2*zT,,,
95,Richard,Peake,richard.peake@aqua.com,,hvaYe3~4,,,
96,Penelope,Abraham,penelope.abraham@aqua.com,,8_33DE6m,,,
97,Molly,Burgess,molly.burgess@aqua.com,,~)BD3b2~,,,
98,Kevin,Campbell,kevin.campbell@aqua.com,,R3RLv4ZE,,,
99,Vanessa,Sharp,vanessa.sharp@aqua.com,,;?37)y7?,,,
100,Eric,Hunter,eric.hunter@aqua.com,,]-Chf@nN,,,
101,Vijay,Gopi,s522581@mail.nwmissouri.edu,,MyAqua2016@1,,,
102,Sai Saranya,Deevakonda,S522573@mail.nwmissouri.edu,,MyAqua2016@2,,,
103,Suprem Raju,Manthena,S525350@mail.nwmissouri.edu,,MyAqua2016@3,,,
104,Nadeem,Ansari,S524968@mail.nwmissouri.edu,,MyAqua2016@4,,,
105,Ashish ,Pandey,S525078@mail.nwmissouri.edu,,MyAqua2016@5,,,
